id,first_name,last_name,email,position,gender,phone,city,birthday
1,Wallie,Kintish,wkintish0@wiley.com,Assistant Professor,Male,+86 (110) 238-2560,Leigongmiao,
2,Eldon,Lammie,elammie1@baidu.com,Electrical Engineer,Male,+62 (171) 623-2803,Kasonawejo,1993-03-31
3,Mathilda,Illesley,millesley2@tiny.cc,Information Systems Manager,Female,+86 (792) 619-3580,,1993-06-26
4,Klarrisa,Eary,keary3@meetup.com,Chief Design Engineer,Female,+86 (765) 819-5254,Mulan,1994-09-16
5,Vernon,Theuss,vtheuss4@toplist.cz,Software Test Engineer II,Male,+267 (468) 887-1168,Gobojango,1988-12-30
6,Byran,Branscomb,bbranscomb5@storify.com,Office Assistant IV,Male,+66 (812) 235-8783,,1992-09-06
7,Dominick,Grimsell,dgrimsell6@nytimes.com,Electrical Engineer,Male,+55 (195) 144-7946,Poá,1989-11-15
8,Quintin,Buston,qbuston7@foxnews.com,Tax Accountant,Male,+62 (975) 978-7823,Dusun Desa Bunter,1991-01-23
9,Malissa,Lenard,mlenard8@51.la,Paralegal,Female,+353 (781) 554-3784,Donnybrook,1993-01-13
10,Thorvald,Steanyng,tsteanyng9@github.io,Geological Engineer,Male,+86 (804) 931-5390,Heshui,1989-01-08
11,Harmonie,Huckett,hhucketta@vkontakte.ru,Senior Quality Engineer,Female,+55 (706) 159-4948,Manhuaçu,1992-12-25
12,Marco,Littlefield,mlittlefieldb@usgs.gov,Design Engineer,Male,+216 (795) 103-8732,Majāz al Bāb,1993-09-23
13,Mira,De Rye Barrett,mderyebarrettc@photobucket.com,Quality Control Specialist,Female,+220 (964) 186-9662,Somita,1991-08-19
14,Agustin,Hundy,ahundyd@fotki.com,Senior Financial Analyst,Male,+86 (501) 588-4962,Zala,1995-01-27
15,Cybill,Walklate,cwalklatee@irs.gov,Web Designer III,Female,+86 (826) 688-9494,Luoping,1990-06-15
16,Paule,Spears,pspearsf@gravatar.com,Financial Advisor,Female,+7 (305) 448-9194,Iogach,1992-02-13
17,Jackquelin,Ziemens,jziemensg@samsung.com,Project Manager,Female,+850 (849) 306-1911,,1994-11-15
18,Derry,Greenstock,dgreenstockh@engadget.com,Legal Assistant,Male,+850 (350) 782-8436,,1992-12-29
19,Rene,Conneely,rconneelyi@miibeian.gov.cn,Automation Specialist I,Male,+86 (864) 646-9160,,1990-01-19
20,Vail,Reyes,vreyesj@psu.edu,Structural Engineer,Male,+372 (940) 449-1332,Kärdla,1989-10-23
21,Lydon,Middleweek,lmiddleweekk@microsoft.com,Financial Advisor,Male,+86 (513) 492-8418,,1990-09-28
22,Byrom,Ipgrave,bipgravel@webs.com,Recruiting Manager,Male,+58 (561) 663-2383,Arapuey,
23,Briney,Hunstone,bhunstonem@i2i.jp,Clinical Specialist,Female,+880 (785) 574-0384,Mādārīpur,1991-06-14
24,Brandise,Fielder,bfieldern@about.com,Nurse,Female,+992 (401) 256-0778,Khŭjand,1992-09-07
25,Yolande,Purdie,ypurdieo@sciencedaily.com,Engineer IV,Female,+62 (473) 301-4784,Margahayu,1988-12-11
26,Prudence,Merit,pmeritp@moonfruit.com,Automation Specialist II,Female,+380 (124) 311-2381,Khorosheve,1995-08-03
27,Leicester,Cowlishaw,lcowlishawq@i2i.jp,Information Systems Manager,Male,+86 (224) 725-1618,Kangle,1989-09-20
28,Esdras,Lightollers,elightollersr@infoseek.co.jp,,Male,,,1993-02-07
29,Demetri,Patifield,dpatifields@nih.gov,VP Marketing,Male,+86 (177) 290-6768,Geshan,1990-12-20
30,Anjela,Norquoy,anorquoyt@cnbc.com,Analog Circuit Design manager,Female,+86 (219) 403-5044,,1990-07-14
31,Wini,Carlyle,wcarlyleu@umn.edu,GIS Technical Architect,Female,+963 (771) 547-0768,Al Bāriqīyah,1990-08-31
32,Kellen,Pinchon,kpinchonv@netlog.com,Cost Accountant,Male,+62 (201) 863-1602,,
33,Wolf,Spilsted,wspilstedw@whitehouse.gov,Community Outreach Specialist,Male,+502 (688) 532-9843,Puerto San José,1994-02-13
34,Camille,Skells,cskellsx@cbslocal.com,Software Engineer I,Female,+62 (483) 920-8813,Cibenda,1990-01-12
35,Geralda,Legges,gleggesy@mac.com,Engineer III,Female,+234 (480) 354-0631,Madagali,1990-04-02
36,Manolo,Zoren,mzorenz@topsy.com,Structural Engineer,Male,+51 (333) 489-4887,,1991-02-27
37,Lorinda,Clemo,lclemo10@japanpost.jp,Quality Engineer,Female,+86 (860) 119-0697,,1990-06-07
38,Vivia,Baumber,vbaumber11@homestead.com,Software Test Engineer II,Female,+255 (473) 383-8862,Kyaka,1993-07-13
39,Teodor,Swyndley,tswyndley12@squidoo.com,Payment Adjustment Coordinator,Male,+62 (516) 943-0157,Wasogolo,
40,Leanor,Benne,lbenne13@odnoklassniki.ru,Analog Circuit Design manager,Female,+7 (486) 648-0376,Ramenki,1992-04-27
41,Stefa,Lyston,slyston14@ovh.net,Compensation Analyst,Female,+62 (972) 654-1694,Sobeok,1994-12-15
42,Guthrie,Pischel,gpischel15@wordpress.org,Office Assistant II,Male,+62 (129) 461-3388,,1994-06-29
43,Calv,Geffe,cgeffe16@drupal.org,Quality Engineer,Male,+60 (264) 905-4119,Kuala Terengganu,1993-06-30
44,Pansy,Douthwaite,pdouthwaite17@etsy.com,Food Chemist,Female,+351 (720) 739-8336,Nine,
45,Andy,Arnaudot,aarnaudot18@dropbox.com,Physical Therapy Assistant,Male,+420 (897) 930-1012,Jaroměřice nad Rokytnou,1994-06-16
46,Bryn,Hacker,bhacker19@parallels.com,Compensation Analyst,Female,+968 (753) 704-6518,Bidbid,1995-07-19
47,Cristen,Purchase,cpurchase1a@constantcontact.com,Account Executive,Female,+963 (140) 897-4150,Al Khafsah,1990-11-22
48,Murdock,Gwinnett,mgwinnett1b@phoca.cz,Computer Systems Analyst III,Male,+7 (883) 137-8441,Krasnoye,1994-10-16
49,Quintilla,Veltmann,qveltmann1c@chron.com,Electrical Engineer,Female,+420 (244) 391-9466,Borovany,
50,Nelie,Doughty,ndoughty1d@163.com,Web Developer IV,Female,+62 (904) 315-9445,Grugul,
51,Jocko,Bennoe,jbennoe1e@tuttocitta.it,Statistician III,Male,+57 (195) 198-0200,,
52,Bunni,Cleare,bcleare1f@latimes.com,Internal Auditor,Female,+7 (264) 648-5019,Nesterov,1995-07-20
53,Langston,Vyse,lvyse1g@lulu.com,Operator,Male,+62 (292) 658-6596,Kadubera,1995-01-30
54,Morgan,Stronge,mstronge1h@homestead.com,Food Chemist,Male,+86 (613) 341-4039,Hedao,1990-07-30
55,Yasmeen,Boorne,yboorne1i@businesswire.com,Software Consultant,Female,+62 (621) 317-8904,Sugiharjo,1993-11-15
56,Rollo,Casine,rcasine1j@cbslocal.com,Budget/Accounting Analyst III,Male,+351 (729) 728-5777,Tojeira,1991-09-14
57,Giovanna,Prewett,gprewett1k@rediff.com,Database Administrator III,Female,+86 (264) 211-3379,Fengkou,
58,Jacinda,Birtle,jbirtle1l@ca.gov,Editor,Female,+55 (506) 412-5578,,1993-12-17
59,Eldin,Rosenshine,erosenshine1m@java.com,Nurse,Male,+86 (801) 334-7814,Guanshan,1989-05-11
60,Olenolin,Mingay,omingay1n@people.com.cn,Analyst Programmer,Male,+86 (645) 155-2594,Micheng,1992-11-28
61,Prentiss,Gatiss,pgatiss1o@google.com,Mechanical Systems Engineer,Male,+30 (481) 187-4661,Filothéi,1989-11-18
62,Clarette,Grigoroni,cgrigoroni1p@ask.com,,Female,,Sanguansi,1995-03-23
63,Joann,Rydings,jrydings1q@arizona.edu,Geological Engineer,Female,+66 (690) 619-9372,Chamni,1992-02-11
64,Manny,Bailiss,mbailiss1r@xrea.com,Professor,Male,+7 (987) 950-6476,,1995-07-30
65,Cad,Hamelyn,chamelyn1s@infoseek.co.jp,Graphic Designer,Male,+62 (633) 986-9288,Bago,1993-05-18
66,Tyrone,Mayman,tmayman1t@ucsd.edu,Research Associate,Male,+62 (743) 411-5073,Taraban Timur,
67,Fancie,Barnfather,fbarnfather1u@cbslocal.com,Chemical Engineer,Female,+504 (460) 627-7805,Santa Cruz,1991-01-01
68,Dame,Sherme,dsherme1v@narod.ru,Data Coordiator,Male,+86 (238) 817-9286,Shilu,1990-05-22
69,Cheston,Phillipp,cphillipp1w@wikispaces.com,Analyst Programmer,Male,+81 (239) 728-2084,Shibushi,
70,Myles,Hunn,mhunn1x@twitpic.com,Nurse Practicioner,Male,+351 (867) 856-1204,Quintã,1989-02-15
71,Carree,Senecaut,csenecaut1y@diigo.com,Human Resources Manager,Female,+48 (987) 365-2543,Trablice,1991-03-20
72,Anderson,Exton,aexton1z@exblog.jp,Executive Secretary,Male,+261 (811) 588-4847,Tsiroanomandidy,1991-05-24
73,Svend,Chatband,schatband20@amazon.co.uk,Environmental Specialist,Male,+48 (173) 607-6290,Knyszyn,1995-03-27
74,Randolf,Etteridge,retteridge21@umn.edu,Programmer Analyst II,Male,+86 (650) 829-7716,Qingyuan,1990-06-11
75,Arden,Ley,aley22@ycombinator.com,Software Engineer III,Female,+86 (938) 954-3245,Yihe,
76,Barrie,Richardet,brichardet23@w3.org,Research Nurse,Female,+27 (919) 819-5354,Mtubatuba,1995-07-15
77,Noll,Ludl,nludl24@dropbox.com,Nurse,Male,+963 (826) 129-5946,,1991-01-07
78,Bram,Hambling,bhambling25@accuweather.com,Technical Writer,Male,+353 (396) 854-6124,,1994-11-11
79,Damian,Boerder,dboerder26@omniture.com,Senior Sales Associate,Male,+86 (141) 365-4294,,1992-10-21
80,Chadd,Lingard,clingard27@oracle.com,Software Engineer II,Male,+7 (460) 628-5014,,1994-02-25
81,Timofei,Klulicek,tklulicek28@wp.com,Community Outreach Specialist,Male,+251 (405) 756-1908,Dire Dawa,1990-07-28
82,Melisent,Foggarty,mfoggarty29@marriott.com,VP Sales,Female,+7 (955) 743-5881,Imeni Zhelyabova,1993-01-25
83,Chucho,Hirjak,chirjak2a@uiuc.edu,Help Desk Operator,Male,+62 (544) 885-4503,,1988-10-22
84,Lorenza,Phinnessy,lphinnessy2b@over-blog.com,Clinical Specialist,Female,+262 (148) 378-7858,Saint-Denis,1989-08-13
85,Keir,Dillistone,kdillistone2c@redcross.org,Compensation Analyst,Male,+7 (145) 889-9867,,1991-09-24
86,Arther,Baser,abaser2d@usa.gov,Recruiter,Male,+7 (977) 197-3601,Golovchino,1993-06-10
87,Kaela,Borham,kborham2e@canalblog.com,Sales Representative,Female,+86 (937) 594-9607,,
88,Nicole,Siveter,nsiveter2f@wufoo.com,Director of Sales,Female,+62 (778) 531-1517,Orong,1993-02-09
89,Dar,Delle,ddelle2g@t.co,Dental Hygienist,Male,+86 (888) 510-6420,Chengzihe,1995-04-16
90,Jefferey,Witherbed,jwitherbed2h@omniture.com,Geological Engineer,Male,+965 (880) 878-0348,,1994-01-12
91,Michael,Brownlea,mbrownlea2i@bravesites.com,VP Accounting,Male,+970 (234) 959-2726,Bayt ‘Īnūn,1992-12-31
92,Pebrook,Aleksankov,paleksankov2j@un.org,Cost Accountant,Male,+30 (905) 935-0585,Próchoma,1991-04-11
93,Koressa,Douty,kdouty2k@bloglovin.com,Speech Pathologist,Female,+1 (563) 262-0563,Marathon,1994-10-30
94,Isaak,MacGeaney,imacgeaney2l@github.io,VP Marketing,Male,+380 (682) 527-7162,Kostyantynivka,1991-04-12
95,Brandtr,Sherreard,bsherreard2m@blinklist.com,General Manager,Male,+353 (294) 796-8311,Ballyboden,
96,George,Mulryan,gmulryan2n@alexa.com,,Female,,San Bernardino,1992-05-05
97,Chandler,Ennew,cennew2o@netlog.com,Clinical Specialist,Male,+225 (638) 149-2213,Sinfra,1990-08-28
98,Zachariah,Courteney,zcourteney2p@businessinsider.com,Director of Sales,Male,+81 (397) 121-2458,,1993-12-04
99,Bondon,Gitthouse,bgitthouse2q@foxnews.com,Business Systems Development Analyst,Male,+691 (644) 745-5571,Unanu,
100,Tibold,Sunners,tsunners2r@economist.com,Project Manager,Male,+269 (674) 911-8698,Foumbouni,1994-12-09
101,Trenna,Cupitt,tcupitt2s@dailymail.co.uk,Operator,Female,+86 (611) 458-0681,Hexi,1990-09-25
102,Kettie,Wardington,kwardington2t@weibo.com,Senior Sales Associate,Female,+58 (944) 227-6470,Boca de Uchire,1988-11-09
103,Robinet,Kiddle,rkiddle2u@ox.ac.uk,VP Accounting,Female,+60 (569) 644-7688,Ipoh,1993-05-21
104,Raeann,Cackett,rcackett2v@salon.com,Assistant Manager,Female,+63 (649) 177-1713,Tipolo,1994-04-19
105,Giffer,Brands,gbrands2w@va.gov,VP Sales,Male,+62 (107) 488-4744,Rejoso,
106,Tally,Vondrys,tvondrys2x@digg.com,Financial Advisor,Female,+48 (320) 591-9015,,1994-12-21
107,Germaine,Westmacott,gwestmacott2y@indiatimes.com,Recruiter,Male,+1 (253) 617-1786,Tacoma,1993-10-15
108,Fania,Fassmann,ffassmann2z@ifeng.com,Desktop Support Technician,Female,+63 (880) 593-6157,Besao,1992-03-08
109,Jeddy,Alberts,jalberts30@networkadvertising.org,Accounting Assistant I,Male,+54 (897) 871-6515,Chacabuco,1991-01-26
110,Marcie,Cardenas,mcardenas31@homestead.com,Teacher,Female,+60 (393) 678-7951,Ipoh,1990-09-26
111,Colver,Foxen,cfoxen32@sitemeter.com,Clinical Specialist,Male,+54 (687) 522-4378,,1991-04-18
112,Syd,Basketter,sbasketter33@privacy.gov.au,Financial Advisor,Male,+7 (293) 526-1861,Kommunar,1994-06-23
113,Fletcher,Ronaghan,fronaghan34@ebay.com,Payment Adjustment Coordinator,Male,+963 (295) 530-3533,Jāsim,
114,Gothart,Meininger,gmeininger35@accuweather.com,Sales Associate,Male,+7 (987) 374-0213,Dostoyevka,
115,Brandea,Hearty,bhearty36@macromedia.com,Analyst Programmer,Female,+62 (102) 851-9372,Potlot,1991-01-17
116,Phebe,Chastey,pchastey37@amazon.com,Programmer Analyst III,Female,+86 (798) 958-0770,Ji’an,1992-06-27
117,Goraud,Sefton,gsefton38@feedburner.com,Health Coach I,Male,+63 (307) 302-3913,Buliok,
118,Ole,Jeffcoate,ojeffcoate39@chicagotribune.com,Compensation Analyst,Male,+47 (961) 969-4657,Skien,1992-11-18
119,Jeremias,Lambard,jlambard3a@umn.edu,,Male,,Qorovulbozor Shahri,
120,Clementina,Jenkin,cjenkin3b@tamu.edu,Assistant Professor,Female,+86 (260) 868-7828,Laotai,1991-07-30
121,Tabb,Giacobillo,tgiacobillo3c@wordpress.com,Social Worker,Male,+86 (621) 808-4190,Dayou,1992-01-22
122,Mara,Broadley,mbroadley3d@flavors.me,Help Desk Technician,Female,+48 (161) 189-8961,Biała,1994-01-31
123,Gavan,Blees,gblees3e@oracle.com,Administrative Officer,Male,+46 (104) 512-5817,,1993-10-16
124,Letizia,Arnholz,larnholz3f@chronoengine.com,Tax Accountant,Female,+51 (316) 473-4277,Soras,1990-06-10
125,Paddie,Heditch,pheditch3g@digg.com,VP Product Management,Male,+66 (601) 483-7328,Nan,1995-03-17
126,Ulberto,Jeacocke,ujeacocke3h@msn.com,Nurse Practicioner,Male,+63 (753) 448-0612,Pan-an,1989-03-14
127,Jorry,Abelson,jabelson3i@a8.net,,Female,,Adassil,
128,Averil,Netting,anetting3j@mtv.com,Staff Scientist,Female,+223 (192) 304-0871,Niono,
129,Gianni,Stag,gstag3k@indiatimes.com,,Male,,,1993-09-28
130,Celia,Edgecombe,cedgecombe3l@sphinn.com,Administrative Officer,Female,+53 (624) 308-9372,Caibarién,1993-07-15
131,Kaiser,Baynon,kbaynon3m@squarespace.com,Developer IV,Male,+7 (243) 664-5066,,1989-12-20
132,Flynn,Highwood,fhighwood3n@hao123.com,Senior Editor,Male,+63 (714) 746-2367,Mayantoc,
133,Lemar,Mac Giolla Pheadair,lmacgiollapheadair3o@dmoz.org,Safety Technician II,Male,+351 (222) 622-5938,Boavista,1992-07-03
134,Rurik,Dorre,rdorre3p@creativecommons.org,Structural Analysis Engineer,Male,+33 (275) 817-7613,Lyon,
135,Paulina,Jeandeau,pjeandeau3q@themeforest.net,Media Manager III,Female,+54 (553) 234-0159,,1995-07-09
136,Garrek,Pyford,gpyford3r@tiny.cc,Account Coordinator,Male,+976 (877) 691-3705,Mandal,1989-03-04
137,Tersina,O' Concannon,toconcannon3s@army.mil,Developer III,Female,+62 (967) 903-1598,Jantake,
138,Eli,Perfili,eperfili3t@uiuc.edu,Nurse Practicioner,Male,+358 (971) 921-4851,Kihniö,1995-07-02
139,Dorelle,Ransom,dransom3u@topsy.com,Programmer Analyst III,Female,+52 (529) 715-4987,,1989-12-06
140,Harper,Motton,hmotton3v@networksolutions.com,Accounting Assistant IV,Male,+1 (702) 951-4380,,1991-08-23
141,Mord,Bern,mbern3w@4shared.com,Analog Circuit Design manager,Male,+86 (862) 713-8754,Tongchuan,1989-01-19
142,Fons,Dorcey,fdorcey3x@tripadvisor.com,Human Resources Manager,Male,+62 (628) 719-9064,Paringin,
143,Ali,Massimo,amassimo3y@state.gov,Database Administrator III,Female,+7 (410) 988-8633,Udachny,1994-01-26
144,Dorris,Tunniclisse,dtunniclisse3z@wsj.com,Systems Administrator III,Female,+7 (585) 186-2648,Sertolovo,
145,Erika,Sheppard,esheppard40@ed.gov,Legal Assistant,Female,+52 (355) 630-1000,San Pedro,
146,Davie,Haversham,dhaversham41@wunderground.com,Staff Accountant I,Male,+420 (230) 881-7908,,1993-10-09
147,Sibby,Peller,speller42@eepurl.com,Structural Analysis Engineer,Female,+46 (437) 216-1024,Bromma,1990-06-08
148,Casandra,Lockart,clockart43@unicef.org,Recruiter,Female,+55 (789) 914-6108,Capitão Poço,1994-06-02
149,Adolphus,Muncer,amuncer44@forbes.com,Research Assistant II,Male,+63 (198) 271-1452,Balindong,1994-01-12
150,Paolo,Jagg,pjagg45@example.com,Chemical Engineer,Male,+352 (180) 310-1833,Strassen,1992-03-17
151,Kiri,Bowlas,kbowlas46@myspace.com,Account Coordinator,Female,+51 (570) 613-1703,,
152,Jamill,Hamer,jhamer47@ow.ly,Payment Adjustment Coordinator,Male,+7 (813) 177-0883,Kamen’-na-Obi,1992-06-25
153,Laverna,Colbert,lcolbert48@facebook.com,Nuclear Power Engineer,Female,+48 (287) 533-7833,,1994-02-19
154,Carolann,Braune,cbraune49@reddit.com,GIS Technical Architect,Female,+86 (641) 793-4340,Hejia,
155,Reginald,Whitlaw,rwhitlaw4a@over-blog.com,Librarian,Male,+7 (343) 682-5163,Slavyansk-na-Kubani,
156,Zared,Sweed,zsweed4b@jalbum.net,Product Engineer,Male,+351 (702) 325-6791,Olival Basto,1994-01-19
157,Lesya,Franey,lfraney4c@answers.com,Account Coordinator,Female,+963 (355) 568-4512,Al Manşūrah,1991-03-19
158,Eben,Pridham,epridham4d@fastcompany.com,Internal Auditor,Male,+48 (402) 641-1672,Sieradza,1990-06-11
159,Warren,Caraher,wcaraher4e@gmpg.org,Teacher,Male,+234 (634) 838-2539,Wasagu,1993-10-12
160,Creigh,Eltune,celtune4f@soup.io,Automation Specialist IV,Male,+86 (968) 376-8810,Changxing,
161,Woodman,Lamport,wlamport4g@amazon.co.uk,Systems Administrator I,Male,+420 (618) 672-8468,Buštěhrad,
162,Trumann,Goroni,tgoroni4h@bravesites.com,Nurse Practicioner,Male,+62 (997) 825-0212,Banjar Wates Tengah,1988-11-27
163,Susann,Gullan,sgullan4i@homestead.com,Administrative Assistant IV,Female,+86 (165) 884-7358,Luohuang,1992-06-11
164,Karlan,Toffolini,ktoffolini4j@amazon.de,Assistant Professor,Male,+62 (140) 414-5963,Soho,1995-07-18
165,Datha,Hefferon,dhefferon4k@nymag.com,Quality Control Specialist,Female,+55 (618) 803-8925,Carolina,1993-10-20
166,Matthiew,Beteriss,mbeteriss4l@statcounter.com,Legal Assistant,Male,+381 (232) 474-6716,Prigrevica,1992-03-21
167,Daryl,Emanuelli,demanuelli4m@myspace.com,Pharmacist,Female,+86 (848) 837-7075,Muzi,1992-05-20
168,Lewes,Leese,lleese4n@skyrock.com,Accountant II,Male,+62 (418) 929-0976,Keleng,1990-03-12
169,Brady,Secombe,bsecombe4o@tinyurl.com,Chief Design Engineer,Male,+84 (398) 477-3245,Thị Trấn Na Hang,1992-08-16
170,Karoline,Broun,kbroun4p@deliciousdays.com,Analog Circuit Design manager,Female,+30 (320) 889-0342,,1992-10-08
171,Lexine,Hucks,lhucks4q@engadget.com,Assistant Media Planner,Female,+62 (771) 840-3370,Curug,1995-07-01
172,Stace,Blundin,sblundin4r@adobe.com,Programmer I,Female,+216 (744) 556-1978,Sahline,
173,Marleah,Pollen,mpollen4s@toplist.cz,Director of Sales,Female,+66 (699) 615-6905,Bang Lamung,1991-11-04
174,Sallee,Van Dijk,svandijk4t@mlb.com,Help Desk Operator,Female,+595 (396) 867-6240,Tacuatí,1992-10-18
175,Kristofor,Haszard,khaszard4u@printfriendly.com,GIS Technical Architect,Male,+1 (850) 484-5349,Tallahassee,1992-02-25
176,Brose,Cesaric,bcesaric4v@msn.com,Senior Developer,Male,+86 (683) 617-8379,,1992-08-15
177,Benjamen,Pecht,bpecht4w@sciencedirect.com,Electrical Engineer,Male,+351 (705) 391-3308,Coutada,1995-07-01
178,Broddie,Woolens,bwoolens4x@blogspot.com,Safety Technician I,Male,+86 (354) 667-8584,Wangdain,1995-06-17
179,Norah,Spellacy,nspellacy4y@t.co,Software Engineer II,Female,+62 (663) 867-8609,Cikalaces,1993-05-29
180,Shalom,Benedite,sbenedite4z@wired.com,Programmer Analyst III,Male,+46 (228) 112-6803,Norrköping,1994-08-06
181,Phillida,Huster,phuster50@com.com,Biostatistician III,Female,+86 (744) 384-6405,Sanhui,1993-11-15
182,Burnaby,Chandler,bchandler51@google.com.hk,VP Product Management,Male,+62 (789) 479-4205,Selorejo,1994-03-06
183,Beauregard,Gillard,bgillard52@google.de,Compensation Analyst,Male,+86 (755) 248-9488,,1994-07-05
184,Boothe,Klimshuk,bklimshuk53@typepad.com,Librarian,Male,+93 (176) 568-3849,Jawand,1994-06-14
185,Eba,Bolens,ebolens54@sakura.ne.jp,Help Desk Operator,Female,+53 (684) 922-6276,Santiago de las Vegas,1990-07-03
186,Gilburt,Anthoin,ganthoin55@sfgate.com,,Male,,Chuangwang,1993-12-05
187,Sadie,Hodgets,shodgets56@phoca.cz,GIS Technical Architect,Female,+86 (875) 952-4531,,1989-06-27
188,Doyle,Jarmain,djarmain57@yahoo.co.jp,Executive Secretary,Male,+51 (811) 393-5601,Viraco,
189,Adelind,Fresson,afresson58@virginia.edu,Occupational Therapist,Female,+7 (281) 548-5610,Kokoshkino,1992-08-09
190,Consalve,Dankersley,cdankersley59@accuweather.com,Human Resources Assistant I,Male,+86 (211) 269-3698,Chengdong,1992-02-19
191,Glyn,Selby,gselby5a@last.fm,Physical Therapy Assistant,Male,+57 (421) 980-5120,,
192,Orsola,Roots,oroots5b@noaa.gov,Sales Associate,Female,+86 (664) 564-9544,Laocheng,1992-07-23
193,Jessalyn,Grieve,jgrieve5c@shareasale.com,Electrical Engineer,Female,+62 (939) 841-3897,Batang,1993-12-09
194,Miller,Le Friec,mlefriec5d@reverbnation.com,Executive Secretary,Male,+57 (509) 563-2514,Carolina,1989-04-13
195,Guillema,Kaine,gkaine5e@nationalgeographic.com,Tax Accountant,Female,+1 (918) 938-0595,Tulsa,1989-07-06
196,Keir,Batman,kbatman5f@princeton.edu,Senior Developer,Male,+47 (697) 591-6891,Kristiansand S,1994-04-08
197,Gabriello,Coronas,gcoronas5g@homestead.com,Health Coach II,Male,+64 (448) 909-4582,Picton,1992-04-21
198,Cori,Gonoude,cgonoude5h@furl.net,Safety Technician I,Female,+237 (808) 907-0549,Kumba,
199,Ortensia,Beckensall,obeckensall5i@wordpress.org,Help Desk Operator,Female,+47 (231) 228-6047,,1993-01-16
200,Spike,Mulgrew,smulgrew5j@blogtalkradio.com,Operator,Male,+51 (382) 140-4013,Nanchoc,1995-04-11
201,Chryste,Sumner,csumner5k@oaic.gov.au,Design Engineer,Female,+46 (407) 103-7164,Tanumshede,1993-12-23
202,Moses,Revett,mrevett5l@furl.net,Director of Sales,Male,+48 (952) 144-0030,Żabno,1991-03-13
203,Lucille,McKinstry,lmckinstry5m@ocn.ne.jp,Financial Analyst,Female,+216 (355) 428-6091,,1989-01-18
204,Germain,Klageman,gklageman5n@github.io,Environmental Tech,Female,+1 (763) 903-4013,Minneapolis,1992-08-10
205,Alexei,O'Doherty,aodoherty5o@gravatar.com,,Male,,,1993-11-05
206,Correy,Burnes,cburnes5p@e-recht24.de,Automation Specialist I,Male,+55 (566) 575-2076,Santo Amaro,1989-04-15
207,Ugo,Daykin,udaykin5q@freewebs.com,Sales Representative,Male,+504 (404) 227-5640,Cucuyagua,1988-12-17
208,Moreen,Ossipenko,mossipenko5r@oakley.com,,Female,,Porteirinha,1995-09-08
209,Dur,Bullocke,dbullocke5s@geocities.jp,VP Product Management,Male,+62 (304) 933-0961,Curuggoong,1991-02-02
210,Zeke,Gulc,zgulc5t@disqus.com,Account Coordinator,Male,+86 (608) 683-1874,,1989-10-08
211,Jacquette,O'Kelly,jokelly5u@pcworld.com,Senior Developer,Female,+235 (248) 602-5449,Mongo,1994-04-06
212,Kim,Roote,kroote5v@cdbaby.com,Human Resources Manager,Female,+387 (772) 523-2442,Podhum,1994-08-10
213,Queenie,Dikes,qdikes5w@smugmug.com,Programmer III,Female,+86 (280) 507-4444,,1988-10-07
214,Rey,Luno,rluno5x@nba.com,Paralegal,Female,+1 (447) 963-4162,Saint-Augustin,1993-11-26
215,Golda,Hansie,ghansie5y@addtoany.com,Recruiting Manager,Female,+86 (257) 747-3621,Andou,
216,Ranice,Drewet,rdrewet5z@vistaprint.com,Help Desk Technician,Female,+86 (617) 530-0942,,1989-04-27
217,Kleon,Minot,kminot60@biblegateway.com,VP Marketing,Male,+1 (709) 886-8585,Andros Town,
218,Ari,Madoc-Jones,amadocjones61@surveymonkey.com,Accountant III,Male,+52 (909) 132-7586,Los Fresnos,1992-07-21
219,Culver,Langelaan,clangelaan62@mozilla.com,Budget/Accounting Analyst III,Male,+57 (708) 191-3893,Guacarí,1990-09-18
220,Jarvis,Wookey,jwookey63@sourceforge.net,Civil Engineer,Male,+48 (891) 806-2078,,
221,Chery,Brayshaw,cbrayshaw64@parallels.com,Actuary,Female,+62 (682) 730-5775,Ngembak,1992-11-03
222,Ellene,Ragg,eragg65@google.ca,Senior Developer,Female,+46 (544) 889-0497,Tungelsta,
223,Collete,Darridon,cdarridon66@twitter.com,Research Assistant I,Female,+57 (719) 514-4352,Cereté,1994-12-29
224,Bernardo,Egginson,begginson67@accuweather.com,Operator,Male,+86 (172) 398-7760,,1993-03-05
225,Durante,Bradfield,dbradfield68@nps.gov,Nuclear Power Engineer,Male,+81 (588) 130-8591,,1993-08-05
226,Sherwin,Kynder,skynder69@prweb.com,Environmental Specialist,Male,+385 (941) 959-8552,Orahovica,1994-10-24
227,Sadye,Mattielli,smattielli6a@sbwire.com,Environmental Specialist,Female,+81 (822) 707-9265,Kimitsu,1990-10-13
228,Conway,Venner,cvenner6b@npr.org,,Male,,Cennan,1995-03-18
229,Sammy,Letcher,sletcher6c@ted.com,Executive Secretary,Female,+374 (974) 814-8056,Mayisyan,1989-12-15
230,Edgardo,Haimes,ehaimes6d@apache.org,Senior Financial Analyst,Male,+48 (407) 231-2855,Międzybrodzie Bialskie,
231,Tito,Lente,tlente6e@dropbox.com,Biostatistician I,Male,+351 (274) 588-6770,Arganil,
232,Sonya,Daynter,sdaynter6f@timesonline.co.uk,Operator,Female,+62 (963) 621-3932,,1993-07-20
233,Shena,Spadollini,sspadollini6g@google.com.hk,Information Systems Manager,Female,+66 (230) 572-8850,Kamalasai,
234,Candis,Rolfe,crolfe6h@miibeian.gov.cn,Computer Systems Analyst I,Female,+236 (798) 707-3411,Alindao,1993-06-11
235,Gill,Motten,gmotten6i@wikimedia.org,Tax Accountant,Female,+63 (373) 983-2396,Pitogo,1995-01-30
236,Guglielmo,Dadswell,gdadswell6j@amazonaws.com,Mechanical Systems Engineer,Male,+242 (885) 183-7520,Basoko,1989-03-15
237,Daveen,Ledrane,dledrane6k@furl.net,Paralegal,Female,+86 (973) 511-3128,,
238,Calypso,FitzAlan,cfitzalan6l@state.gov,,Female,,El Carmen,1991-05-21
239,Jeno,Scrowton,jscrowton6m@cbc.ca,Biostatistician I,Male,+66 (572) 137-6289,Thap Than,1989-08-22
240,Miltie,Diack,mdiack6n@intel.com,Accounting Assistant IV,Male,+86 (519) 743-3851,Gulong,
241,Carlotta,Bulfoot,cbulfoot6o@yandex.ru,Marketing Assistant,Female,+963 (525) 781-5912,As Sawdā,1989-11-22
242,Adriana,MacDonell,amacdonell6p@hao123.com,Web Designer IV,Female,+351 (517) 325-9685,,1994-03-16
243,Arline,Fesby,afesby6q@bbb.org,Electrical Engineer,Female,+269 (985) 234-0537,Madjeouéni,1992-03-25
244,Vivyanne,Hukins,vhukins6r@ucsd.edu,,Female,,Tafí Viejo,1990-06-14
245,Morgan,Grummitt,mgrummitt6s@ucsd.edu,Staff Scientist,Male,+1 (303) 510-2872,Denver,1993-10-09
246,Celesta,Tamas,ctamas6t@gov.uk,Research Nurse,Female,+81 (616) 420-8263,Kōnan,1990-03-11
247,Mord,Ivanin,mivanin6u@blogger.com,Social Worker,Male,+55 (695) 846-9042,,1990-10-11
248,Obediah,Esmonde,oesmonde6v@yahoo.co.jp,Operator,Male,+351 (896) 990-0456,Santo André,1990-05-13
249,Monti,Bucky,mbucky6w@uol.com.br,,Male,,,1988-12-13
250,Sybila,Linnock,slinnock6x@360.cn,Geologist II,Female,+591 (508) 730-9079,Mairana,1994-07-29
251,Hank,Fomichyov,hfomichyov6y@reverbnation.com,Information Systems Manager,Male,+269 (566) 546-0032,Chironkamba,1993-12-09
252,Markos,Worge,mworge6z@sbwire.com,Desktop Support Technician,Male,+970 (736) 441-6313,Banī Suhaylā,1990-12-12
253,Haley,Sagg,hsagg70@gizmodo.com,Research Assistant I,Female,+62 (911) 871-5646,Mersam,1990-10-04
254,Alden,Renak,arenak71@cdbaby.com,Assistant Manager,Male,+63 (179) 635-0657,Bailan,1991-04-24
255,Lindsey,Goodin,lgoodin72@infoseek.co.jp,Junior Executive,Female,+351 (947) 706-9316,,1990-07-29
256,Hedvige,Marrill,hmarrill73@google.pl,Biostatistician I,Female,+62 (543) 833-6100,Bogorejo,1993-09-16
257,Roshelle,Lett,rlett74@webeden.co.uk,,Female,,Hongjia,1990-06-15
258,Alphard,Beelby,abeelby75@google.fr,Legal Assistant,Male,+46 (323) 474-7543,,1993-10-01
259,Belicia,Shulem,bshulem76@technorati.com,Civil Engineer,Female,+86 (804) 538-2241,,1993-02-28
260,Wally,Wollacott,wwollacott77@nhs.uk,Senior Sales Associate,Male,+55 (480) 697-0087,Pindobaçu,1989-12-05
261,Rowland,McIlveen,rmcilveen78@macromedia.com,Research Assistant I,Male,+86 (664) 468-0977,,1992-04-23
262,Jody,Tyght,jtyght79@pbs.org,Mechanical Systems Engineer,Male,+46 (724) 289-2678,Trollhättan,
263,Arman,Stiller,astiller7a@reuters.com,Desktop Support Technician,Male,+66 (418) 117-4117,Phra Nakhon Si Ayutthaya,1993-09-09
264,Ashley,Luddy,aluddy7b@imgur.com,Information Systems Manager,Male,+1 (360) 585-5869,Seattle,1994-09-17
265,Ardella,Louche,alouche7c@wisc.edu,Automation Specialist I,Female,+389 (947) 591-8001,Арачиново,1990-09-13
266,Aleta,Polsin,apolsin7d@dailymail.co.uk,Structural Engineer,Female,+886 (956) 374-3946,Taibao,
267,Chandra,Larmour,clarmour7e@auda.org.au,Operator,Female,+995 (231) 202-9802,,1995-03-30
268,Lowell,Tumber,ltumber7f@alibaba.com,Office Assistant II,Male,+46 (105) 278-6242,Pajala,1995-06-02
269,Devland,Turney,dturney7g@si.edu,Web Designer II,Male,+380 (115) 521-9650,Bashtanka,1992-05-17
270,Justino,Gambles,jgambles7h@amazonaws.com,Environmental Tech,Male,+48 (459) 915-8434,,1989-06-20
271,Igor,Bronger,ibronger7i@google.nl,Account Representative III,Male,+251 (712) 947-3106,Mendī,1989-03-04
272,Brod,Heathcott,bheathcott7j@360.cn,Software Consultant,Male,+994 (801) 745-7020,,
273,Rochell,Vandenhoff,rvandenhoff7k@example.com,Environmental Specialist,Female,+260 (993) 140-2922,Petauke,
274,Shelagh,Belchamber,sbelchamber7l@ox.ac.uk,Teacher,Female,+39 (245) 755-4322,,1994-05-15
275,Virgina,Saylor,vsaylor7m@samsung.com,,Female,,,1994-11-23
276,Lockwood,McCafferty,lmccafferty7n@nature.com,Administrative Officer,Male,+46 (575) 976-7906,Borås,1991-09-25
277,Ilyssa,Oakenford,ioakenford7o@ft.com,VP Accounting,Female,+234 (871) 802-9319,Illushi,1992-09-02
278,Giulio,Hansford,ghansford7p@woothemes.com,Mechanical Systems Engineer,Male,+30 (370) 976-4278,,1992-01-04
279,Anna-diana,Warrender,awarrender7q@loc.gov,Product Engineer,Female,+63 (328) 818-1714,,1993-01-26
280,Gare,Crosgrove,gcrosgrove7r@about.com,Marketing Assistant,Male,+86 (110) 133-3829,Shicang,1989-10-15
281,Dona,MacDunlevy,dmacdunlevy7s@icio.us,Senior Quality Engineer,Female,+86 (235) 625-1250,Longquan,1989-12-12
282,Shanan,Winmill,swinmill7t@istockphoto.com,Clinical Specialist,Male,+7 (108) 292-2031,Kapshagay,1992-09-27
283,Jolyn,Vina,jvina7u@storify.com,Account Representative IV,Female,+420 (991) 170-5442,Planá,1990-01-07
284,Farrand,Koeppke,fkoeppke7v@utexas.edu,Recruiter,Female,+48 (659) 615-9041,Koszęcin,1995-02-21
285,Arron,Redley,aredley7w@ezinearticles.com,Cost Accountant,Male,+48 (142) 726-8177,Brzeszcze,1989-05-31
286,Elana,Birnie,ebirnie7x@sbwire.com,,Female,,,
287,Tanny,Minshull,tminshull7y@skype.com,Human Resources Manager,Male,+230 (822) 150-6446,Mahébourg,1989-10-04
288,Aurie,Spooner,aspooner7z@bravesites.com,Tax Accountant,Female,+86 (422) 727-8033,Beiling,1991-10-23
289,Brewster,Scopes,bscopes80@nasa.gov,Environmental Tech,Male,+1 (602) 286-2240,Phoenix,
290,Brynna,Bartlomiejczyk,bbartlomiejczyk81@ning.com,VP Product Management,Female,+994 (618) 397-0189,Buzovna,1995-03-08
291,Tabb,Kruszelnicki,tkruszelnicki82@berkeley.edu,Health Coach II,Male,+7 (901) 332-6514,Ust-Kamenogorsk,1990-11-01
292,Christan,Messum,cmessum83@ebay.co.uk,VP Sales,Female,+86 (270) 830-7578,Yongjiahe,1989-04-15
293,Lorraine,Lanfare,llanfare84@loc.gov,Senior Cost Accountant,Female,+54 (945) 686-3405,Olavarría,1995-07-03
294,Carilyn,Copozio,ccopozio85@indiegogo.com,Speech Pathologist,Female,+62 (878) 339-8913,Krajan Pundungsari,1989-11-27
295,Dido,Kyndred,dkyndred86@chron.com,Safety Technician II,Female,+86 (500) 370-1877,Baoshan,1994-11-24
296,Erl,Gwilliams,egwilliams87@phoca.cz,Recruiting Manager,Male,+86 (457) 820-4264,,1988-11-03
297,Tim,Josefsson,tjosefsson88@netlog.com,Marketing Assistant,Female,+86 (541) 833-4559,Linqu,1994-11-26
298,Huntley,Laetham,hlaetham89@biglobe.ne.jp,Software Engineer II,Male,+66 (357) 553-5747,Yasothon,
299,Quintin,Taber,qtaber8a@t-online.de,Speech Pathologist,Male,+420 (865) 251-4067,Záhorovice,1990-04-21
300,Orelie,Stickings,ostickings8b@a8.net,Research Nurse,Female,+57 (983) 346-0919,Galapa,1992-07-08
301,Kyle,Buston,kbuston8c@oakley.com,Assistant Manager,Female,+55 (214) 335-5113,,1992-08-20
302,Chancey,McCaughey,cmccaughey8d@blinklist.com,Automation Specialist IV,Male,+54 (243) 360-2823,Formosa,1990-01-11
303,Rollins,Jestico,rjestico8e@mayoclinic.com,Geological Engineer,Male,+351 (357) 744-1247,Bouça,1992-12-04
304,Carlynne,Privost,cprivost8f@yolasite.com,Account Representative IV,Female,+27 (833) 832-7520,KwaMbonambi,1989-04-26
305,Creight,Carver,ccarver8g@amazon.co.jp,Paralegal,Male,+48 (589) 740-2148,Rybie,1991-01-27
306,Skell,Domnin,sdomnin8h@oaic.gov.au,Senior Quality Engineer,Male,+30 (129) 794-2659,Évosmos,1989-03-02
307,Anderea,Smitheman,asmitheman8i@jigsy.com,Compensation Analyst,Female,+1 (917) 303-8606,,
308,Dorothy,Suffe,dsuffe8j@nifty.com,Engineer IV,Female,+358 (673) 339-8203,,1993-08-17
309,Faulkner,Billson,fbillson8k@narod.ru,Librarian,Male,+260 (567) 154-1100,Nyimba,
310,Abbe,Creese,acreese8l@cbsnews.com,Payment Adjustment Coordinator,Male,+57 (981) 621-7767,Mocoa,1991-05-11
311,Wait,Ratazzi,wratazzi8m@tripod.com,Accounting Assistant I,Male,+356 (408) 292-4623,Haz-Zebbug,1994-07-17
312,Ezra,Nother,enother8n@privacy.gov.au,Programmer Analyst IV,Male,+351 (448) 529-5292,,1990-01-26
313,Adela,Maleck,amaleck8o@google.com.hk,VP Product Management,Female,+504 (228) 261-3498,Dulce Nombre de Culmí,1995-01-05
314,Kessiah,Sarver,ksarver8p@w3.org,Safety Technician II,Female,+51 (591) 603-5351,Ocucaje,1992-08-01
315,Byrann,O'Fallon,bofallon8q@freewebs.com,Office Assistant I,Male,+62 (654) 669-8923,,1993-04-05
316,Konstance,Davisson,kdavisson8r@sourceforge.net,Senior Financial Analyst,Female,+970 (156) 160-2321,,1991-09-17
317,Lenette,Villaron,lvillaron8s@loc.gov,Librarian,Female,+62 (357) 256-5902,Gununganyar,1994-06-11
318,Price,Rogger,progger8t@examiner.com,,Male,,,1992-10-27
319,Moira,Geldard,mgeldard8u@omniture.com,Marketing Manager,Female,+55 (132) 791-7890,,1990-09-11
320,Tomi,Graddell,tgraddell8v@omniture.com,Librarian,Female,+86 (241) 763-4300,Zhongjiapu,1995-08-28
321,Barbaraanne,Fiddian,bfiddian8w@zimbio.com,Analog Circuit Design manager,Female,+86 (500) 628-6824,Xuancheng,1994-02-18
322,Emyle,Tolossi,etolossi8x@dagondesign.com,Teacher,Female,+595 (864) 575-6295,Belén,1990-08-01
323,Jeana,Jirasek,jjirasek8y@mapy.cz,Assistant Manager,Female,+62 (924) 192-5232,Nangewer,1993-10-17
324,Spencer,Frankel,sfrankel8z@ted.com,VP Quality Control,Male,+62 (465) 407-3388,Belajen,1989-06-12
325,Erma,Camden,ecamden90@wikipedia.org,Senior Cost Accountant,Female,+62 (238) 947-7752,,1993-05-30
326,Catarina,Camell,ccamell91@blogs.com,Internal Auditor,Female,+86 (301) 277-5191,Dongshan,1989-11-04
327,Bonnibelle,Wisdish,bwisdish92@upenn.edu,Financial Advisor,Female,+46 (865) 836-5818,Stockholm,1993-10-01
328,Lorenzo,Kingswoode,lkingswoode93@wikispaces.com,Account Executive,Male,+420 (429) 799-4526,Hrotovice,1990-10-04
329,Pam,Abrahmovici,pabrahmovici94@microsoft.com,Nurse,Female,+351 (580) 377-3833,Campanário,1995-03-10
330,Nessie,Storror,nstorror95@phpbb.com,VP Sales,Female,+255 (393) 187-0803,,1994-07-19
331,Eddy,De Andisie,edeandisie96@yolasite.com,Web Designer II,Male,+86 (357) 264-6206,Pinglumiao,1990-10-16
332,Binny,Piscotti,bpiscotti97@360.cn,Geologist IV,Female,+351 (413) 560-5003,Corujeira,1992-08-16
333,Rosalind,Stiff,rstiff98@wired.com,Safety Technician II,Female,+54 (679) 626-1932,Las Varillas,
334,Ingaberg,Hollow,ihollow99@unesco.org,Sales Representative,Female,+53 (815) 836-5863,Cienfuegos,
335,Rivy,Capon,rcapon9a@quantcast.com,Database Administrator IV,Female,+55 (994) 352-5057,União dos Palmares,
336,Clark,Mucklow,cmucklow9b@usatoday.com,Computer Systems Analyst I,Male,+977 (997) 847-5738,Wāling,1989-08-14
337,Kath,Dorricott,kdorricott9c@columbia.edu,Administrative Officer,Female,+86 (136) 656-3313,Ganlin,1993-05-16
338,Justine,Seywood,jseywood9d@tumblr.com,Legal Assistant,Female,+86 (932) 646-4835,Shimen,1992-09-29
339,Corinne,Grasser,cgrasser9e@booking.com,Clinical Specialist,Female,+63 (609) 374-0616,,1994-01-31
340,Allyn,McKeran,amckeran9f@jugem.jp,Recruiting Manager,Male,+55 (287) 278-3938,,1994-11-19
341,Nerte,Colson,ncolson9g@instagram.com,Senior Editor,Female,+46 (426) 241-2666,Mora,
342,Adda,MacShirie,amacshirie9h@loc.gov,Senior Editor,Female,+62 (411) 240-8021,Kebonsari Kidul,1995-06-18
343,Sherwynd,Million,smillion9i@webeden.co.uk,VP Product Management,Male,+48 (285) 577-5126,Chojnice,1993-08-12
344,Justus,Rodway,jrodway9j@buzzfeed.com,Account Representative II,Male,+47 (540) 122-7518,,
345,Teddy,Pancoast,tpancoast9k@twitter.com,Financial Analyst,Male,+420 (840) 416-8497,Břasy,1994-11-15
346,Florencia,Eginton,feginton9l@fastcompany.com,Product Engineer,Female,+55 (467) 589-6198,,1990-07-08
347,Dagmar,Sever,dsever9m@java.com,Technical Writer,Female,+33 (272) 915-2589,Wasquehal,1994-07-16
348,Bradly,Champagne,bchampagne9n@cafepress.com,Web Developer IV,Male,+86 (799) 871-5265,Wuluquele,
349,Lewes,Rayner,lrayner9o@issuu.com,Structural Analysis Engineer,Male,+1 (542) 184-7393,Guam Government House,1995-09-02
350,Lynna,Harbar,lharbar9p@washington.edu,Analyst Programmer,Female,+386 (590) 607-7010,Hodoš,1990-04-27
351,Davey,Iamittii,diamittii9q@ebay.com,Junior Executive,Male,+86 (690) 295-2871,Hongsihu,1988-10-14
352,Lemmie,Mapletoft,lmapletoft9r@domainmarket.com,Assistant Professor,Male,+374 (272) 628-6271,Getazat,1995-08-19
353,Kerwinn,Goodsall,kgoodsall9s@amazon.co.jp,Cost Accountant,Male,+30 (526) 985-7555,,1989-09-05
354,Sher,Ivanenkov,sivanenkov9t@ifeng.com,Programmer Analyst IV,Female,+49 (418) 773-9080,Essen,1991-06-18
355,Shaun,Berrisford,sberrisford9u@dell.com,Financial Advisor,Male,+420 (139) 458-7325,,
356,Pyotr,Duthy,pduthy9v@friendfeed.com,Senior Editor,Male,+86 (900) 565-3880,Jingmao,1994-12-01
357,Shelba,McCaighey,smccaighey9w@shop-pro.jp,Web Designer II,Female,+62 (626) 367-7568,,1995-09-06
358,Trev,Littler,tlittler9x@japanpost.jp,,Male,,,1992-12-17
359,Gustave,Cheney,gcheney9y@biglobe.ne.jp,Nurse,Male,+62 (274) 775-2041,Randu,1991-09-25
360,Johnathon,Escalante,jescalante9z@so-net.ne.jp,Internal Auditor,Male,+66 (580) 898-9070,Phetchabun,1995-08-02
361,Brantley,Eagleston,beaglestona0@oracle.com,Electrical Engineer,Male,+297 (500) 878-6199,Angochi,
362,Clotilda,Langshaw,clangshawa1@ftc.gov,Food Chemist,Female,+51 (823) 572-9396,,1993-07-12
363,Juli,Knewstubb,jknewstubba2@aol.com,Quality Control Specialist,Female,+86 (846) 361-5606,Lincheng,1989-05-24
364,Thaxter,Biffin,tbiffina3@mozilla.com,Analog Circuit Design manager,Male,+55 (714) 235-4390,Crato,1992-10-09
365,Emmalynne,Cotta,ecottaa4@sitemeter.com,Analyst Programmer,Female,+62 (289) 481-1935,Banjar Bias,1989-10-02
366,Edgardo,Core,ecorea5@themeforest.net,Actuary,Male,+66 (819) 759-0541,Bangkok,1991-05-03
367,Marley,Manuel,mmanuela6@facebook.com,Operator,Female,+86 (700) 434-0551,Xianyuan,1990-06-08
368,Cull,Davern,cdaverna7@sciencedaily.com,,Male,,,
369,Don,Tewkesbury,dtewkesburya8@ucla.edu,Quality Engineer,Male,+1 (444) 651-1189,St. Catharines,1993-03-06
370,Saw,Charrington,scharringtona9@smh.com.au,Senior Cost Accountant,Male,+63 (448) 438-8796,Candelaria,1992-03-10
371,Daisey,Gartin,dgartinaa@ucla.edu,Cost Accountant,Female,+52 (403) 887-9253,Independencia,1993-08-31
372,Tam,Fidian,tfidianab@ebay.co.uk,VP Quality Control,Male,+7 (102) 231-0330,,1991-08-18
373,Ilario,McKeighan,imckeighanac@photobucket.com,Dental Hygienist,Male,+234 (426) 388-8196,Langtang,1992-06-21
374,Ianthe,Scutchin,iscutchinad@bing.com,Financial Analyst,Female,+33 (401) 481-9220,La Valette-du-Var,1994-09-07
375,Mart,Smowton,msmowtonae@examiner.com,Social Worker,Male,+33 (626) 981-0057,,1993-07-31
376,Binny,Argrave,bargraveaf@mit.edu,Physical Therapy Assistant,Female,+55 (306) 621-4319,,1992-08-01
377,Annabell,Skynner,askynnerag@vk.com,Media Manager IV,Female,+86 (463) 577-8062,,1995-05-07
378,Antonio,Bridywater,abridywaterah@github.com,Senior Editor,Male,+64 (486) 239-7154,,1990-09-11
379,Kaspar,Vedishchev,kvedishchevai@archive.org,Product Engineer,Male,+86 (825) 591-6154,,1992-11-29
380,Peg,Cherrison,pcherrisonaj@vk.com,,Female,,Alagoinhas,1991-09-22
381,Justinian,Lea,jleaak@newyorker.com,Environmental Tech,Male,+86 (915) 886-6628,Dandian,1991-03-31
382,Beale,Speak,bspeakal@godaddy.com,GIS Technical Architect,Male,+52 (200) 150-4713,Lazaro Cardenas,
383,Cobby,Goodlad,cgoodladam@reuters.com,Director of Sales,Male,+225 (302) 655-4172,Abobo,1995-03-20
384,Jemie,Grendon,jgrendonan@tuttocitta.it,Marketing Manager,Female,+63 (427) 440-3177,,1995-08-24
385,Lynn,Westley,lwestleyao@github.io,Junior Executive,Female,+48 (187) 601-3219,,1989-08-19
386,Kristoforo,Tallyn,ktallynap@indiatimes.com,Project Manager,Male,+420 (773) 679-4530,,1992-03-24
387,Burt,Thorneywork,bthorneyworkaq@yelp.com,Business Systems Development Analyst,Male,+86 (626) 272-7808,Qiling,1993-10-19
388,Emilia,Bruyns,ebruynsar@gravatar.com,VP Quality Control,Female,+86 (534) 427-9639,,1991-02-02
389,Bear,Assinder,bassinderas@livejournal.com,Accounting Assistant II,Male,+62 (922) 907-2961,Tobelo,1994-09-01
390,Guy,Whitnall,gwhitnallat@nba.com,Physical Therapy Assistant,Male,+7 (845) 525-9245,,
391,Laurena,Vickors,lvickorsau@bluehost.com,Budget/Accounting Analyst IV,Female,+51 (830) 574-2346,Iberia,1992-12-13
392,Leontine,Bouskill,lbouskillav@springer.com,Assistant Manager,Female,+86 (126) 972-2401,Xingdian,1993-09-08
393,Edvard,Dunkerley,edunkerleyaw@sogou.com,General Manager,Male,+351 (671) 536-7195,Parreira,1989-05-31
394,Olenka,Steutly,osteutlyax@loc.gov,Speech Pathologist,Female,+84 (740) 758-7350,Hưng Yên,1992-03-18
395,Ruthanne,Symonds,rsymondsay@goo.ne.jp,Web Designer I,Female,+7 (457) 761-6084,Dmitriyevskaya,1993-05-29
396,Zolly,Tembey,ztembeyaz@typepad.com,Senior Editor,Male,+62 (347) 835-6978,,1989-07-29
397,Vida,Bertram,vbertramb0@google.co.uk,Help Desk Technician,Female,+223 (515) 827-3375,,1990-09-06
398,Shermy,Gaze,sgazeb1@sakura.ne.jp,Editor,Male,+63 (298) 282-4775,Maramag,1991-01-14
399,Tiffy,Balden,tbaldenb2@va.gov,Database Administrator I,Female,+995 (196) 862-7903,,1993-10-28
400,Arnuad,Kilgour,akilgourb3@ovh.net,Recruiter,Male,+62 (433) 245-3605,Salawu,
401,Goldina,Chattock,gchattockb4@goodreads.com,Dental Hygienist,Female,+95 (158) 475-8233,Twante,1994-09-28
402,Millicent,Petkens,mpetkensb5@prnewswire.com,Paralegal,Female,+84 (639) 503-0288,Đắk Song,1993-06-09
403,Terri,Ronan,tronanb6@hhs.gov,Account Representative II,Male,+86 (544) 244-9228,Huangxi,1993-02-22
404,Arabella,Helkin,ahelkinb7@bloglines.com,,Female,,Concordia,1992-07-13
405,Hamid,Huckfield,hhuckfieldb8@columbia.edu,Software Consultant,Male,+237 (443) 908-1679,Tibati,
406,Etti,Ellershaw,eellershawb9@paginegialle.it,Software Test Engineer I,Female,+62 (581) 567-4040,Sukasirna,1990-11-27
407,Monty,Witheridge,mwitheridgeba@addthis.com,,Male,,Fenais da Ajuda,1990-01-23
408,Nelson,Houltham,nhoulthambb@house.gov,Senior Quality Engineer,Male,+504 (247) 565-7169,San Antonio,1992-11-03
409,Ilka,McInally,imcinallybc@quantcast.com,Tax Accountant,Female,+86 (210) 753-1071,Mingcheng,1991-10-01
410,Maison,Hawley,mhawleybd@acquirethisname.com,Marketing Manager,Male,+62 (251) 253-1282,Muara,1992-03-31
411,Catha,Beckhouse,cbeckhousebe@ucsd.edu,Accountant II,Female,+27 (108) 891-1816,,1994-07-20
412,Janene,Obert,jobertbf@123-reg.co.uk,Analyst Programmer,Female,+51 (169) 154-7870,Urpay,1994-05-21
413,Mellie,Kenwell,mkenwellbg@creativecommons.org,Research Nurse,Female,+967 (884) 150-8764,Laḩij,1994-10-17
414,Mercie,Vannoort,mvannoortbh@51.la,Registered Nurse,Female,+86 (134) 719-8013,Huanghuatan,
415,Carrol,Winram,cwinrambi@jiathis.com,Graphic Designer,Male,+239 (813) 682-2420,,1995-04-10
416,Horten,Harniman,hharnimanbj@yelp.com,Account Representative IV,Male,+33 (756) 539-5257,,
417,Howey,Pischoff,hpischoffbk@un.org,Social Worker,Male,+86 (509) 432-6587,Henghe,1990-06-15
418,Vivie,Barbara,vbarbarabl@canalblog.com,VP Quality Control,Female,+356 (247) 680-6829,Imtarfa,1990-10-17
419,Teador,Dooland,tdoolandbm@engadget.com,Senior Developer,Male,+1 (571) 625-8707,,
420,Shayla,Putman,sputmanbn@rambler.ru,Analog Circuit Design manager,Female,+252 (870) 806-2860,Ceerigaabo,1994-03-14
421,Hamlin,Bruhke,hbruhkebo@yandex.ru,Sales Associate,Male,+62 (589) 469-8587,Tanjung Timur,1992-08-27
422,Xenos,Kubanek,xkubanekbp@pinterest.com,Marketing Assistant,Male,+256 (355) 612-5745,Hoima,1991-08-01
423,Dawn,Iannelli,diannellibq@admin.ch,Analog Circuit Design manager,Female,+7 (724) 803-4293,Pervoavgustovskiy,1992-07-18
424,Brooks,Peddersen,bpeddersenbr@independent.co.uk,Environmental Tech,Male,+86 (364) 929-9284,Shekou,1991-04-20
425,Joni,Freer,jfreerbs@wordpress.com,Professor,Female,+62 (272) 959-4776,Ancol,
426,Yalonda,Kynston,ykynstonbt@reference.com,Technical Writer,Female,+63 (834) 800-8410,,1994-07-12
427,Luise,Gruszczak,lgruszczakbu@ox.ac.uk,Quality Engineer,Female,+81 (972) 149-5356,,1991-03-21
428,Juliann,Lints,jlintsbv@slate.com,Human Resources Assistant III,Female,+355 (343) 288-6910,,1988-12-22
429,Felic,Antal,fantalbw@house.gov,Registered Nurse,Male,+84 (726) 268-8885,Thanh Ba,1989-10-10
430,Georgia,O'Hanlon,gohanlonbx@marketwatch.com,Technical Writer,Female,+224 (139) 640-9265,Forécariah,1994-06-13
431,Lodovico,Pettie,lpettieby@fda.gov,Account Coordinator,Male,+86 (250) 679-8476,Tiantai Chengguanzhen,1990-12-25
432,Cornell,Rackham,crackhambz@linkedin.com,Clinical Specialist,Male,+51 (291) 465-3922,,1988-11-21
433,Brandice,Morriarty,bmorriartyc0@about.com,Accountant III,Female,+62 (744) 295-4052,,1989-02-23
434,Dall,Linge,dlingec1@imgur.com,Web Designer IV,Male,+86 (892) 680-7831,Wudian,1990-02-05
435,Tabb,Stennard,tstennardc2@squidoo.com,Sales Representative,Male,+86 (919) 671-8576,,
436,Milka,Luard,mluardc3@ca.gov,Data Coordiator,Female,+1 (381) 495-6620,Sainte-Martine,1993-10-27
437,Rogers,Brinkman,rbrinkmanc4@howstuffworks.com,Account Representative I,Male,+62 (456) 721-1678,,1994-12-19
438,Corbet,Venard,cvenardc5@blogspot.com,Software Engineer III,Male,+7 (650) 362-0373,Novozavedennoye,1990-12-30
439,Rosina,Bristo,rbristoc6@nhs.uk,VP Quality Control,Female,+66 (753) 959-9147,,1994-02-22
440,Meredeth,Mapowder,mmapowderc7@globo.com,Speech Pathologist,Male,+86 (832) 123-0931,Xindong,1992-10-16
441,Haven,Vagges,hvaggesc8@rambler.ru,Biostatistician IV,Male,+1 (297) 785-3502,,1993-07-09
442,Myles,Lashmore,mlashmorec9@xrea.com,Chief Design Engineer,Male,+62 (906) 145-3481,Campurrejo,1988-12-02
443,Chloe,Sommerly,csommerlyca@patch.com,Compensation Analyst,Female,+54 (372) 704-3924,Comallo,1988-12-03
444,Chaunce,Alliker,callikercb@sourceforge.net,Marketing Assistant,Male,+86 (135) 673-4807,Xiaopu,1994-03-14
445,Petr,Tabourel,ptabourelcc@amazonaws.com,Account Coordinator,Male,+351 (672) 596-0917,Foros de Salvaterra,1992-11-21
446,Cary,Sans,csanscd@hostgator.com,Software Consultant,Male,+62 (676) 100-6807,Pohbango,1993-11-11
447,Averill,Sute,asutece@gravatar.com,Quality Control Specialist,Male,+7 (544) 732-3168,Lorino,1993-01-29
448,Roxanne,Offin,roffincf@istockphoto.com,Environmental Specialist,Female,+7 (764) 253-5136,,1989-11-13
449,Byrle,Blaske,bblaskecg@kickstarter.com,Systems Administrator III,Male,+56 (260) 322-2024,Vicuña,
450,Myriam,Bouldon,mbouldonch@time.com,Nurse Practicioner,Female,+961 (905) 514-3450,,
451,Renard,Lingfoot,rlingfootci@ustream.tv,VP Product Management,Male,+62 (920) 594-3350,,1992-08-31
452,Cy,Dudmarsh,cdudmarshcj@nationalgeographic.com,Software Consultant,Male,+7 (134) 272-7677,Syktyvkar,
453,Bart,Seif,bseifck@loc.gov,Account Representative III,Male,+33 (919) 441-1028,Lisieux,1993-04-17
454,Dewey,Berk,dberkcl@engadget.com,Geologist II,Male,+46 (685) 706-5445,Ellös,1989-01-09
455,Cecilia,Durgan,cdurgancm@army.mil,Staff Scientist,Female,+86 (106) 881-7242,Zhanxu,1989-07-10
456,Camila,Bragger,cbraggercn@state.tx.us,Tax Accountant,Female,+51 (575) 749-8875,Pueblo Nuevo,1989-09-01
457,Jard,Okroy,jokroyco@bandcamp.com,Structural Analysis Engineer,Male,+86 (150) 634-6571,Wenjiao,1993-12-11
458,Peadar,Triplow,ptriplowcp@miitbeian.gov.cn,Analyst Programmer,Male,+81 (663) 518-6642,Kozakai-chō,1990-03-13
459,Nikolai,Dummett,ndummettcq@jimdo.com,VP Product Management,Male,+81 (296) 945-4894,Ishigaki,1995-04-15
460,Chan,Mochan,cmochancr@latimes.com,Account Coordinator,Male,+355 (876) 210-7090,Gjinkar,1994-10-07
461,Hanny,Heindle,hheindlecs@baidu.com,Engineer IV,Female,+86 (307) 424-2721,Jiucaigou,1994-08-04
462,Barbra,Beamish,bbeamishct@blog.com,Occupational Therapist,Female,+1 (757) 452-7074,Newport News,1995-06-27
463,Andy,Soall,asoallcu@google.it,Research Nurse,Female,+31 (189) 593-6193,Arnhem,1990-05-02
464,Gillan,Savidge,gsavidgecv@columbia.edu,Statistician IV,Female,+86 (101) 683-6026,Chidian,
465,Kata,Dalman,kdalmancw@1688.com,Software Engineer II,Female,+62 (371) 609-9023,Pakel,1995-02-26
466,Boote,Duns,bdunscx@infoseek.co.jp,Senior Editor,Male,+52 (497) 224-3136,Francisco Villa,1994-07-17
467,Milo,Ocklin,mocklincy@issuu.com,Account Coordinator,Male,+53 (547) 308-1886,,1992-03-25
468,Seamus,Thomsson,sthomssoncz@symantec.com,Senior Cost Accountant,Male,+506 (587) 368-7032,Bagaces,1994-11-30
469,Ryon,Tirkin,rtirkind0@shinystat.com,Help Desk Technician,Male,+7 (820) 287-5107,Karagandy,1993-08-14
470,Vyky,Ecclestone,vecclestoned1@php.net,Quality Control Specialist,Female,+86 (636) 500-7028,,
471,Kathryne,Piscotti,kpiscottid2@discuz.net,Assistant Media Planner,Female,+62 (442) 327-5799,Jayaraga Kaler,1993-08-23
472,Jennette,Beceril,jbecerild3@cnet.com,Programmer II,Female,+86 (881) 152-3722,Huanggexi,
473,Fabio,Emeline,femelined4@noaa.gov,Marketing Manager,Male,+86 (113) 590-3339,Sanjiang,1992-08-08
474,Hamilton,Kilborn,hkilbornd5@apache.org,Compensation Analyst,Male,+506 (523) 388-6707,Esparza,1990-09-26
475,Roscoe,Goor,rgoord6@1688.com,Automation Specialist IV,Male,+34 (310) 255-5434,,1993-04-08
476,Donavon,Ridewood,dridewoodd7@ted.com,Programmer Analyst III,Male,+33 (267) 500-5978,Paris 19,1993-09-07
477,Tedda,Bockin,tbockind8@cnbc.com,Assistant Manager,Female,+359 (902) 933-4975,Kŭrdzhali,1991-03-13
478,Merrili,Daborne,mdaborned9@toplist.cz,Quality Control Specialist,Female,+355 (543) 102-3297,,
479,Vikki,Venn,vvennda@ft.com,GIS Technical Architect,Female,+7 (876) 609-1409,Goryachevodskiy,1995-04-30
480,Marj,Godier,mgodierdb@hao123.com,Quality Control Specialist,Female,+385 (939) 492-9294,Krasica,
481,Dunc,Asel,daseldc@engadget.com,Physical Therapy Assistant,Male,+86 (325) 916-1820,Zhendong,1995-05-12
482,Ree,Boath,rboathdd@arstechnica.com,Software Test Engineer I,Female,+386 (103) 954-6628,Vuzenica,1990-01-13
483,Millie,Croser,mcroserde@printfriendly.com,Structural Analysis Engineer,Female,+46 (751) 600-2612,Götene,1991-07-07
484,Rochella,Leale,rlealedf@vistaprint.com,Geologist II,Female,+62 (657) 424-8726,Citeureup,1995-03-10
485,Berne,Baldacco,bbaldaccodg@arizona.edu,Research Nurse,Male,+62 (926) 669-3067,Ebak,1995-07-19
486,Rosella,Dale,rdaledh@google.it,Pharmacist,Female,+242 (169) 519-6893,Kabinda,1992-02-07
487,Lori,Cabedo,lcabedodi@hostgator.com,Paralegal,Female,+385 (214) 851-2768,Lužani,1995-06-08
488,Karalynn,Paulou,kpauloudj@yahoo.co.jp,,Female,,,1992-12-27
489,Darcy,Bumfrey,dbumfreydk@dedecms.com,Staff Scientist,Male,+60 (579) 497-8637,Kota Bharu,1992-05-14
490,Jermain,Wornum,jwornumdl@ameblo.jp,Product Engineer,Male,+62 (112) 199-6681,Wonosari,1993-10-03
491,Sasha,Winnister,swinnisterdm@vkontakte.ru,Financial Analyst,Female,+7 (653) 207-1318,Belogorskīy,1990-08-18
492,Aimee,Heatly,aheatlydn@webeden.co.uk,Sales Associate,Female,+46 (124) 713-9305,Dalsjöfors,1991-03-29
493,Sarita,Guinness,sguinnessdo@live.com,Professor,Female,+351 (935) 504-6698,,1988-12-03
494,Clarabelle,Lightning,clightningdp@domainmarket.com,Office Assistant III,Female,+55 (298) 223-8657,Carmo do Cajuru,1991-02-19
495,Michell,Granham,mgranhamdq@weebly.com,Research Nurse,Female,+86 (537) 593-1351,Huanggang,1994-02-11
496,Ethel,Harken,eharkendr@goo.ne.jp,Librarian,Female,+63 (266) 566-9356,Patria,1991-05-16
497,Kahlil,Tomaszkiewicz,ktomaszkiewiczds@buzzfeed.com,Programmer IV,Male,+57 (325) 939-7646,,1995-03-07
498,Nananne,Mabbe,nmabbedt@examiner.com,GIS Technical Architect,Female,+62 (761) 388-7952,,1989-05-18
499,Janina,Webburn,jwebburndu@deviantart.com,Information Systems Manager,Female,+55 (564) 366-3737,Vassouras,1995-02-13
500,Cordy,Point,cpointdv@bigcartel.com,Design Engineer,Female,+231 (861) 417-1856,Bensonville,1990-02-26
